類型,名稱,地點,可提供服務,已知價格／規格,公開聯絡方式,網址,備註
汽車藥劑廠（可OEM）,K-WAX 凱閎國際,新北市樹林區,有獨立化學實驗室，可研發或客製配方；包裝、檢驗、出貨一條龍,MOQ未公開，需洽詢,(02)8688-3099／kwax0514@gmail.com,https://www.kwax.tw/info/oem,本身也是市售品牌，等於跟競爭者買貨
汽車藥劑廠（可OEM）,SZ 車體防護美學,新北市三峽區,台灣自產自銷，有「OEM採購流程」專頁，標榜20年經驗,MOQ未公開，需洽詢,(02)2673-8208／LINE @88sz,https://sz-wax.com.tw/oem-service,本身也是市售品牌
汽車藥劑廠（可OEM／桶裝）,TWVC 專業汽車美容精品,雲林斗六／高雄阿蓮,洗劑客製：可指定顏色、香味、標籤；10L／20L／25L HDPE 桶；國內外出貨,清潔型濃縮洗車精 20L：NT$810（原價900）；濃縮鍍膜劑：NT$7200（原價8000；容量未確認）,win741000@gmail.com／0934-170-296,https://tw-vc.com/oem/,主攻自助洗車場、加油站；最接近「買原液回來分裝」
汽車藥劑廠（桶裝批發）,JD.CarWash.Taiwan 邑浤有限公司,台南,工廠直營；進口原料自製鐵粉去除劑、高泡洗車精、柑橘萬用清潔劑；有營業用20L,20L 洗車精價格待確認（搜尋摘要顯示250元，疑似有誤）,Facebook：JD.CarWash.Taiwan,https://jdcarwash-taiwan.com/,需直接詢價
汽車藥劑廠（桶裝批發）,DBO 金鑫鑫國際,—,加侖、5加侖大容量藥劑公開販售,1:650洗車精 1加侖 NT$600；66鐵粉 1加侖 NT$700；鹼性鋼圈 1加侖 NT$700–1000,官網,https://www.dbo66.cash/,是否接OEM未確認
汽車藥劑批發（OEM）,洗車工廠（蝦皮賣場）,—,汽車美容材料批發、代工、OEM,需洽詢,蝦皮聊聊,https://shopee.tw/cw_factory121,公司背景未確認
汽車藥劑品牌（店家批發）,HEYTECH 黑炭洗美,—,主攻汽車美容店批發,需洽詢,官網,https://site.heytechshop.com/,是否接OEM未確認
清潔劑代工廠（有汽車線）,沛進國際,—,30年清潔劑代工；洗車精、雨刷精、皮革清潔劑代工；ODM／OEM；標榜支持創業小量,需洽詢,官網表單,https://www.peijinclean.com/,官網有代工成本計算說明
清潔劑代工廠（有汽車線）,秋文生技,—,汽車洗車精、鋼圈清潔劑、皮革保養劑代工；客製配方、打樣、首次小量試單,需洽詢,官網表單,https://autumnbiotech.com/car-wash-detergent-oem/,依化妝品規範生產流程
清潔劑代工廠,柏彥有限公司,高雄,家用清潔劑 OEM／ODM（洗衣精、洗碗精、除油劑等）,需洽詢,Facebook：boian.ltd,https://www.boian-clean.com/,汽車品項未確認
清潔劑代工廠,羽翔生技,—,洗沐、清潔劑代工,需洽詢,官網,https://www.yuxiang-shop.com.tw/oem-page184,汽車品項未確認
噴霧罐代工,河駱國際,—,噴霧劑（氣霧罐）OEM／ODM,需洽詢,官網,https://www.rivercamel.com.tw/news_detail/32.htm,做噴罐型產品（例如泡沫噴罐）才需要
界面活性劑原料廠,台灣新日化 TNJC,嘉義縣民雄鄉,耐斯集團與日本新日本理化合資；陰離子、兩性、APG、胺基酸等界面活性劑（台諾靈 TAINOLIN）,需洽詢（通常整桶、大量）,05-2219900,https://www.tnjc.com.tw/page/surfactant,自己調配方才需要
界面活性劑原料廠,中日合成化學 SJC,—,界面活性劑製造（含消泡劑、防鏽劑等）,需洽詢,官網,https://www.sjc.com.tw/,自己調配方才需要
化工原料貿易商,金富發國際,—,AES／SLES 70%、28%，ALES 等；110–1100kg 桶或 IBC,需洽詢,官網,https://www.gfufa.com/products_detail/57,大量採購
化工原料（小量零售）,若亞方舟國際貿易,桃園,SLES 70%（日本原料）等小量原料,需上網查價,官網,https://shop.noahsark.com.tw/category/93,適合打樣、試配
化工原料（小量零售）,帝一化工,—,界面活性劑、起泡劑小量零售,需登入看價,官網,https://shop.dechemical.com.tw/,適合打樣、試配
化工原料貿易商,鴻益化工原料,—,介面活性劑,需洽詢,官網,https://www.hungeichem.com.tw/surfactant.html,
容器,永泉豐,—,HDPE 塑膠噴瓶、分裝瓶製造,需洽詢,官網,https://www.erfdispenser.com/cht/PE%E7%93%B6/HDPE.html,酸鹼藥劑要用 HDPE 瓶加耐酸鹼噴頭
公會名錄,台灣清潔用品工業同業公會,—,會員廠商名錄，可找更多清潔劑製造商,—,官網,https://www.twcpia.org.tw/,找更多代工廠的起點
