品牌,公司/背景,產品名稱,藥水種類,特性,容量,價格(NT$),每ml價格(NT$/ml),價格說明,價格來源,來源網址,可信度
K-WAX,凱閎國際（台灣汽車美容材料品牌）,泡沫洗車精,洗車精,中性・椰子油配方・1:1000濃縮,500ml,300,0.60,官網單瓶價,kwax.tw 搜尋摘要,https://www.kwax.tw/product_detail?product_sn=58,中
K-WAX,凱閎國際,RS 撥水洗車精,洗車精(功能型),洗車同時形成撥水層,1200ml,499,0.42,官網價,kwax.tw,https://www.kwax.tw/product_detail?product_sn=319,高
K-WAX,凱閎國際,DS 除水斑洗車精,洗車精(酸性),複合酸配方・除水斑/氧化物,1200ml,499,0.42,官網價,kwax.tw,https://www.kwax.tw/product_detail?product_sn=409,高
K-WAX,凱閎國際,鐵粉去除劑,鐵粉去除劑,中性配方,500ml,160,0.32,官網價（加侖裝另售，區間160–490）,kwax.tw,https://www.kwax.tw/product_detail?product_sn=69,高
K-WAX,凱閎國際,柏油去除劑,柏油去除劑,天然柑橘油・全乳化,500ml,140–180,0.28–0.36,蝦皮140／官網180,kwax.tw／蝦皮,https://www.kwax.tw/product_detail?product_sn=66,中
K-WAX,凱閎國際,萬用清潔劑（可當輪圈／內裝清潔）,輪框清潔劑／萬用清潔劑,濃縮原液,500ml,120,0.24,官網價,kwax.tw,https://www.kwax.tw/product_detail?product_sn=65,中
K-WAX,凱閎國際,玻璃油膜去除膏,玻璃除油膜,研磨膏,未標示,350,無法換算（容量未標示）,官網價,kwax.tw,https://www.kwax.tw/product_detail?product_sn=198,中
K-WAX,凱閎國際,強效潑水玻璃維護劑,玻璃撥水劑,,未標示,580,無法換算（容量未標示）,官網價,kwax.tw,https://www.kwax.tw/product_detail?product_sn=168,中
K-WAX,凱閎國際,塑料還原劑,塑料還原劑,,未標示,330,無法換算（容量未標示）,官網價,kwax.tw,https://www.kwax.tw/product_detail?product_sn=194,中
K-WAX,凱閎國際,輪胎保養劑,輪胎油,速乾不噴甩,未標示,220,無法換算（容量未標示）,官網價,kwax.tw,https://www.kwax.tw/product_search?product_keyword=%E8%BC%AA%E8%83%8E%E6%B2%B9&tags_type=0,中
K-WAX,凱閎國際,水鍍膜（長效150天）,水鍍膜／鍍膜劑,各式材質可用,未標示,880,無法換算（容量未標示）,官網價,kwax.tw,https://www.kwax.tw/product_store?store_type_sn=26,中
K-WAX,凱閎國際,經典棕櫚蠟,汽車蠟,天然棕櫚蠟・無研磨劑,未標示,690,無法換算（容量未標示）,官網價,kwax.tw,https://www.kwax.tw/product_detail?product_sn=180,中
K-WAX,凱閎國際,洗車新手組合,組合包,洗車精+鐵粉+工具,組合,1099–1489,無法換算（容量未標示）,官網組合價,kwax.tw,https://www.kwax.tw/product_detail?product_sn=171,中
黑珍珠 BlackPearl,黑珍珠國際企業（老牌量販品牌）,濃縮泡泡洗車精,洗車精,無磷・SGS檢驗,1200ml,149,0.12,電商售價,PChome,https://24h.pchome.com.tw/prod/DEADG9-A90077P7X,中
黑珍珠 BlackPearl,黑珍珠國際企業,職人魂 塑料還原劑,塑料還原劑,,220ml,109,0.50,家樂福線上售價,家樂福,https://online.carrefour.com.tw/zh/3511102100101.html,高
黑珍珠 BlackPearl,黑珍珠國際企業,職人魂 噴射式鍍膜撥水劑,撥水劑／鍍膜噴劑,,未標示,109,無法換算（容量未標示）,家樂福線上售價,家樂福,https://online.carrefour.com.tw/zh/3510104600101.html,高
黑珍珠 BlackPearl,黑珍珠國際企業,職人魂 鋼圈鐵粉清潔劑／輪胎泡沫清潔亮光蠟,鐵粉／輪框／輪胎,,未標示,約109,無法換算（容量未標示）,同系列量販價，需逐品確認,家樂福／愛買,https://www.rakuten.com.tw/shop/amart/product/700042791/,低
黑珍珠 BlackPearl,黑珍珠國際企業,玻璃鍍膜撥水液 RCC03,玻璃撥水劑,,600ml,199–239,0.33–0.40,建議售價199／家樂福239,官網／家樂福,https://online.carrefour.com.tw/tw/3510100900101,高
黑珍珠 BlackPearl,黑珍珠國際企業,輪胎保養劑（亮光噴式）,輪胎油,,600ml,289–387,0.48–0.65,依通路不同,momo／其他通路,https://m.momoshop.com.tw/goods.momo?i_code=10974965,中
AKdetailing 洗車吧！A咖,2020年創立・台北內湖,洗車藥水體驗瓶,體驗瓶,,小容量,60–90,無法換算（多容量）,官網價（依品項）,akdetailing.com,https://www.akdetailing.com/products,中
AKdetailing 洗車吧！A咖,台北內湖,泡泡大師 濃縮泡沫精,洗車精／泡沫精,,多容量,170–480,無法換算（多容量）,官網價（依容量）,akdetailing.com,https://www.akdetailing.com/categories/cleaner,中
AKdetailing 洗車吧！A咖,台北內湖,鍍膜守衛 分子洗車精,洗車精(鍍膜車),溫和・鍍膜車適用,多容量,250–780,無法換算（多容量）,官網價（依容量）,akdetailing.com,https://www.akdetailing.com/products/coating-refresh-car-wash,中
AKdetailing 洗車吧！A咖,台北內湖,職人洗車精 Pro,洗車精,,未標示,350,無法換算（容量未標示）,官網價,akdetailing.com,https://www.akdetailing.com/categories/cleaner,中
AKdetailing 洗車吧！A咖,台北內湖,酵素洗車精,洗車精,酵素配方,未標示,350,無法換算（容量未標示）,官網價,akdetailing.com,https://www.akdetailing.com/categories/cleaner,中
AKdetailing 洗車吧！A咖,台北內湖,預洗大師 PA泡沫精,預洗劑,,未標示,700,無法換算（容量未標示）,官網價,akdetailing.com,https://www.akdetailing.com/categories/cleaner,中
AKdetailing 洗車吧！A咖,台北內湖,重裝武力 鹼性泡沫精,預洗劑(鹼性),,2.3L,750,0.33,官網價,akdetailing.com,https://www.akdetailing.com/categories/cleaner,中
AKdetailing 洗車吧！A咖,台北內湖,落塵殺手 鐵粉溶解劑 Pro,鐵粉去除劑,中性・不傷蠟層／鍍膜／包膜,多容量,80–900,無法換算（多容量）,官網價（依容量）,akdetailing.com,https://www.akdetailing.com/pages/car-wash-guide,中
AKdetailing 洗車吧！A咖,台北內湖,鹼性鋼圈清潔劑 Pro,輪框清潔劑(鹼性),一般鋁圈用,多容量,60–630,無法換算（多容量）,官網價（依容量）,akdetailing.com,https://www.akdetailing.com/pages/car-wash-guide,中
AKdetailing 洗車吧！A咖,台北內湖,晶亮高手 玻璃清潔劑,玻璃清潔劑,,多容量,170–520,無法換算（多容量）,官網價（2.3L×2 為1040）,akdetailing.com,https://www.akdetailing.com/products/glass-cleaner,中
AKdetailing 洗車吧！A咖,台北內湖,內裝專家 內裝清潔劑,內裝清潔劑,皮革／橡膠／塑膠,多容量,170–520,無法換算（多容量）,官網價（依容量）,akdetailing.com,https://www.akdetailing.com/products/interior-cleaner,中
OLIMA 歐樂瑪,蛋塔車業,CW300 中性泡沫洗車精,洗車精,中性・1:300濃縮,500ml,99,0.20,蝦皮（蛋塔車業）售價,蝦皮,https://biggo.com.tw/s/Cw300/?view=card,中
OLIMA 歐樂瑪,蛋塔車業,泡起雲湧 Xtreme CW600,洗車精,中性・1:600超高濃縮,500ml,160,0.32,Yahoo拍賣售價（另有2000ml裝）,Yahoo拍賣,https://tw.bid.yahoo.com/item/100372159124,中
OLIMA 歐樂瑪,蛋塔車業,Hansen 2.0 極度濃稠粉紅泡泡洗車精,洗車精,1:1200濃縮,4000ml,99–239,0.025–0.060,官網顯示區間、原價680；區間可能含其他容量，需確認,olima.com.tw,https://www.olima.com.tw/products/hansen-20%E7%89%88%E6%A5%B5%E5%BA%A6%E6%BF%83%E7%A8%A0-%E7%B2%89%E7%B4%85%E6%B3%A1%E6%B3%A1%E6%B4%97%E8%BB%8A%E7%B2%BE4000ml,低
OLIMA 歐樂瑪,蛋塔車業,PRO 專業級原液中性鐵粉去除劑／柑橘外銷版,鐵粉去除劑,中性・可稀釋1–3倍,未標示,99–129,無法換算（容量未標示）,亮駒官網：定價129／特價99,dgcar.tw,https://www.dgcar.tw/products/7bbc177c-438c-462f-9ee4-c2b1a5ad7a76,中
OLIMA 歐樂瑪,蛋塔車業,Sensation 感動鍍膜 2.0,鍍膜劑,聚矽氮烷基底,30ml,880,29.33,PChome售價（原價999）,PChome,https://24h.pchome.com.tw/prod/DEADXX-A900I5G04,中
WAKE ME 喚醒,寶傑洗車研製・外銷日本／奧地利,《星際旅者》泡沫洗車精,洗車精,高濃縮泡沫,500ml,325,0.65,官網價,wakeme.tw,https://www.wakeme.tw/products/shampoo,高
WAKE ME 喚醒,寶傑洗車研製,《紫雨》鐵粉拔除劑,鐵粉去除劑,,500ml,325,0.65,官網價,wakeme.tw,https://www.wakeme.tw/products/%E3%80%8A%E7%B4%AB%E9%9B%A8%E3%80%8B%E9%90%B5%E7%B2%89%E6%8B%94%E9%99%A4%E5%8A%91,高
WAKE ME 喚醒,寶傑洗車研製,《橘油》柏油去除劑,柏油去除劑,柑橘油,500ml,300,0.60,官網價,wakeme.tw,https://www.wakeme.tw/products/%E3%80%8A%E6%A9%98%E6%B2%B9%E3%80%8B%E6%9F%8F%E6%B2%B9%E5%8E%BB%E9%99%A4%E5%8A%91,高
WAKE ME 喚醒,寶傑洗車研製,《去污》APC萬用清潔劑,萬用清潔劑,車漆／輪框加強去汙,500ml,300,0.60,官網價,wakeme.tw,https://www.wakeme.tw/collections/frontpage,高
WAKE ME 喚醒,寶傑洗車研製,《玻璃先生》玻璃清潔劑,玻璃清潔劑,,500ml,350,0.70,官網價,wakeme.tw,https://www.wakeme.tw/collections/frontpage,高
WAKE ME 喚醒,寶傑洗車研製,《科學家》專用洗蠟劑,除蠟劑,,500ml,300,0.60,官網價,wakeme.tw,https://www.wakeme.tw/collections/frontpage,高
WAKE ME 喚醒,寶傑洗車研製,《流星雨》輪圈保護劑,輪框鍍膜／保護劑,,未標示,800,無法換算（容量未標示）,官網價,wakeme.tw,https://www.wakeme.tw/collections/frontpage,高
WAKE ME 喚醒,寶傑洗車研製,輪胎／橡膠保養劑,輪胎油,,未標示,480,無法換算（容量未標示）,蝦皮售價,蝦皮,https://shopee.tw/%E3%80%90-WAKE-ME-%E5%96%9A%E9%86%92-%E3%80%91%E6%B4%97%E8%BB%8A%E8%97%A5%E5%8A%91%E5%84%AA%E6%83%A0%E7%B5%84%EF%BC%88%E5%85%A7%E5%90%AB-%E9%90%B5%E7%B2%89%E5%8A%91-%E6%9F%8F%E6%B2%B9%E5%8A%91-%E8%90%AC%E7%94%A8%E6%B8%85%E6%BD%94%E5%8A%91%EF%BC%89%E3%80%8A%E4%B8%89%E5%8A%8D%E5%AE%A2%E3%80%8B%E5%AF%B6%E5%82%91%E6%B4%97%E8%BB%8A%E7%A0%94%E8%A3%BD-i.573674129.17015286161,低
WAKE ME 喚醒,寶傑洗車研製,《湯姆少校》噴霧封體,封體／鍍膜維護劑,含棕櫚蠟・可濕上施工・產地日本（品牌為台灣）,500ml,780,1.56,官網售價（原價1060）,wakeme.tw,https://www.wakeme.tw/products/majortom-sealant,中
SZ 車體防護美學,台灣研發製造・兼做OEM代工,高濃縮泡沫洗車精,洗車精,,未標示,180,無法換算（容量未標示）,官網價,sz-wax.com,https://www.sz-wax.com/SalePage/Index/6621653,高
SZ 車體防護美學,台灣研發製造,鐵粉去除劑,鐵粉去除劑,,750ml,139,0.19,官網價,sz-wax.com,https://www.sz-wax.com/SalePage/Index/9397919,高
SZ 車體防護美學,台灣研發製造,中性鐵粉去除劑,鐵粉去除劑,中性・遇鐵粉變紫,500ml,360,0.72,官網價,sz-wax.com,https://www.sz-wax.com/v2/Search?q=%E5%8E%BB%E9%99%A4&shopId=40700,中
SZ 車體防護美學,台灣研發製造,柏油殘膠去除劑,柏油去除劑,日本進口配方,500ml,360,0.72,官網價,sz-wax.com,https://www.sz-wax.com/SalePage/Index/6621719,中
SZ 車體防護美學,台灣研發製造,玻璃清潔劑,玻璃清潔劑,,未標示,150,無法換算（容量未標示）,官網價,sz-wax.com,https://www.sz-wax.com/SalePage/Index/7060709?lang=zh-TW,高
SZ 車體防護美學,台灣研發製造,內裝清潔劑,內裝清潔劑,皮椅／飾板／頂棚,未標示,150,無法換算（容量未標示）,官網價,sz-wax.com,https://www.sz-wax.com/SalePage/Index/7193031,高
SZ 車體防護美學,台灣研發製造,水性輪胎蠟,輪胎油,水性,未標示,150,無法換算（容量未標示）,官網價,sz-wax.com,https://www.sz-wax.com/SalePage/Index/6621633?lang=zh-TW,高
SZ 車體防護美學,台灣研發製造,塑料鍍膜劑,塑料鍍膜,,未標示,600,無法換算（容量未標示）,官網價,sz-wax.com,https://www.sz-wax.com/SalePage/Index/6971190,高
SZ 車體防護美學,台灣研發製造,強效重機械油汙清潔劑,引擎／油汙清潔,,未標示,285,無法換算（容量未標示）,官網價,sz-wax.com,https://www.sz-wax.com/SalePage/Index/7050265?lang=zh-TW,高
SZ 車體防護美學,台灣研發製造,泡沫洗車精2L＋萬用清潔劑2L＋噴瓶,組合包,,2L+2L,475,0.12（2L+2L合計）,官網組合價,sz-wax.com,https://www.sz-wax.com/SalePage/Index/6636211,高
Andrew Rose 飆風玫瑰,台灣研發生產・SGS檢驗原料,洗車四寶（除鐵粉／去柏油／鋼圈／洗車精）,組合包,,各800ml,469,0.15（4瓶×800ml合計）,官網價・免運,andrewrose.tw,https://www.andrewrose.tw/products/-%E5%85%8D%E9%81%8B-andrew-rose-%E5%BF%AB%E9%80%9F%E6%B8%85%E6%BD%94-%E6%B4%97%E8%BB%8A%E5%9B%9B%E5%AF%B6-%E9%99%A4%E9%90%B5%E7%B2%89-%E5%8E%BB%E6%9F%8F%E6%B2%B9-%E9%8B%BC%E5%9C%88-%E6%B4%97%E8%BB%8A%E7%B2%BE-%E5%90%84800ml,高
Andrew Rose 飆風玫瑰,台灣研發生產,PH 4.5 酸性預洗劑,預洗劑(酸性)／除水斑,鍍膜車去淺水斑,多容量,208–618,無法換算（多容量）,官網價（依容量）,andrewrose.tw,https://www.andrewrose.tw/products/diy%E5%B0%88%E7%94%A8-3ph%E9%85%B8%E6%80%A7%E9%A0%90%E6%B4%97%E5%8A%91,高
Andrew Rose 飆風玫瑰,台灣研發生產,高濃度萬用清潔劑,萬用清潔劑,,多容量,119–299,無法換算（多容量）,官網價（依容量）,andrewrose.tw,https://www.andrewrose.tw/products/-andrew-rose%E9%A3%86%E9%A2%A8%E7%8E%AB%E7%91%B0-%E9%AB%98%E6%BF%83%E5%BA%A6%E8%90%AC%E7%94%A8%E6%B8%85%E6%BD%94%E5%8A%91-diy%E5%B0%88%E7%94%A8,中
Andrew Rose 飆風玫瑰,台灣研發生產,鹼性鋼圈洗劑,輪框清潔劑(鹼性),,多容量,119–319,無法換算（多容量）,官網價（依容量）,andrewrose.tw,https://www.andrewrose.tw/products/-andrew-rose%E9%A3%86%E9%A2%A8%E7%8E%AB%E7%91%B0-%E9%B9%BC%E6%80%A7%E9%8B%BC%E5%9C%88%E6%B4%97%E5%8A%91-%EF%BD%84%EF%BD%89%EF%BD%99%E5%B0%88%E7%94%A8,中
Andrew Rose 飆風玫瑰,台灣研發生產,無痕玻璃洗劑,玻璃清潔劑,,多容量,108–247,無法換算（多容量）,官網價（依容量）,andrewrose.tw,https://www.andrewrose.tw/products/-andrew-rose%E9%A3%86%E9%A2%A8%E7%8E%AB%E7%91%B0-%E7%84%A1%E7%97%95%E7%8E%BB%E7%92%83%E6%B4%97%E5%8A%91-diy%E5%B0%88%E7%94%A8,中
Andrew Rose 飆風玫瑰,台灣研發生產,中性鐵粉去除劑,鐵粉去除劑,中性,多容量,138–438,無法換算（多容量）,官網價（依容量）,andrewrose.tw,https://www.andrewrose.tw/collections/all,中
Andrew Rose 飆風玫瑰,台灣研發生產,PH 10.5 鹼性預洗劑,預洗劑(鹼性),,多容量,198–546,無法換算（多容量）,官網價（依容量）,andrewrose.tw,https://www.andrewrose.tw/products/-andrew-rose-%E9%A3%86%E9%A2%A8%E7%8E%AB%E7%91%B0-ph-10-5%E9%B9%BC%E6%80%A7%E9%A0%90%E6%B4%97%E5%8A%91-diy%E5%B0%88%E7%94%A8,中
Andrew Rose 飆風玫瑰,台灣研發生產,去鐵粉酸性預洗雙效劑,鐵粉＋酸性預洗,除水斑＋除鐵粉,多容量,188–588,無法換算（多容量）,官網價（依容量）,andrewrose.tw,https://www.andrewrose.tw/products/%E5%8E%BB%E9%90%B5%E7%B2%89%E9%85%B8%E6%80%A7%E9%A0%90%E6%B4%97%E9%9B%99%E6%95%88%E5%8A%91,中
HEYTECH 黑炭洗美,台灣品牌・主攻汽美店批發,C4 高泡洗車精,洗車精,濃縮高泡,多容量,100–300,無法換算（多容量）,各通路售價（官方定價500）,heytechshop.com,https://www.heytechshop.com/products/heytech-deep-clean-car-wash-liquid,中
HEYTECH 黑炭洗美,台灣品牌,C16 鐵粉去除劑（低味配方）,鐵粉去除劑,低氣味,多容量,150–500,無法換算（多容量）,各通路售價（官方定價1200）,heytechshop.com,https://www.heytechshop.com/products/iron-remover-1,中
HEYTECH 黑炭洗美,台灣品牌,C17 鋁圈清潔劑,輪框清潔劑,,多容量,130–249,無法換算（多容量）,各通路售價（官方定價480）,heytechshop.com,https://www.heytechshop.com/products/wheel-cleaner,中
HEYTECH 黑炭洗美,台灣品牌,C6 液態硅蠟,封體／噴蠟,可稀釋3瓶,500ml,待查,待查,售價未取得,蝦皮,https://www.heytechshop.com/pages/coatingno1,—
HEYTECH 黑炭洗美,台灣品牌,C7 內裝保養劑（鍍膜配方）,內裝保養,,500ml,待查,待查,售價未取得,heytechshop.com,https://www.heytechshop.com/products/interior-repair-coating,—
DBO,金鑫鑫國際,1:350 泡沫洗車精,洗車精,高泡,1加侖(3.78L),400,0.11,露天售價（2L／5加侖另售，區間300–1000）,露天／蝦皮,https://biggo.com.tw/s/%E6%B3%A1%E6%B2%AB%E6%B4%97%E8%BB%8A%E7%B2%BE%20DBO,中
DBO,金鑫鑫國際,1:650 泡沫洗車精,洗車精,椰子油＋日本起泡劑,1加侖(3.78L),600,0.16,官網價,dbo66.cash,https://www.dbo66.cash/products/1650%E6%B3%A1%E6%B2%AB%E6%B4%97%E8%BB%8A%E7%B2%BE-1%E5%8A%A0%E4%BE%96,高
DBO,金鑫鑫國際,66 鐵粉去除劑,鐵粉去除劑,日本材料配方,1加侖(3.78L),700,0.18,建議售價,樂天,https://www.rakuten.com.tw/shop/dbo/product/2127771313/,高
DBO,金鑫鑫國際,鹼性鋼圈清潔劑,輪框清潔劑(鹼性),,1加侖(3.78L),700–1000,0.18–0.26,官網價（依規格）,dbo66.cash,https://www.dbo66.cash/products/%E9%B9%BC%E6%80%A7%E9%8B%BC%E5%9C%88%E6%B8%85%E6%BD%94%E5%8A%91-1%E5%8A%A0%E4%BE%96,中
DBO,金鑫鑫國際,IPA 異丙醇 99.9%,脫脂劑(鍍膜前置),,1加侖(3.78L),300,0.079,拍賣售價,Yahoo拍賣,https://tw.bid.yahoo.com/item/100431970204,中
RJCAR,汽車美容用品通路・自有品牌,柑橘超濃縮泡沫洗車精,洗車精,中性・最高1:250,2L,250–260,0.12–0.13,原價260／松果250,松果購物,https://www.pcone.com.tw/product/info/220418335809,高
RJCAR,汽車美容用品通路,基本洗車藥水2L組合（鐵粉／柏油／鋼圈／輪胎／玻璃／水鍍膜／泡沫）＋噴瓶×6,組合包,,各2L,1999,0.14（7瓶×2L合計）,官網售價（原價2305）,rjcar.com.tw,https://www.rjcar.com.tw/products/rjcar-%E5%9F%BA%E6%9C%AC%E6%B4%97%E8%BB%8A%E8%97%A5%E6%B0%B42l%E7%B5%84%E5%90%88-%E9%90%B5%E6%9F%8F%E9%8B%BC%E8%BC%AA%E7%8E%BB%E6%B0%B4%E6%B3%A1%E5%99%B4%E7%93%B66,中
TMD,汽車美容材料專賣・自有品牌,車用清潔噴瓶款（果香洗車精／鋁圈／柏油／萬用蚊蟲／鐵粉／玻璃）,洗車精・輪框・柏油・鐵粉・玻璃,柏油劑為天然柑橘配方,945ml,199起,0.21 起,官網起價（一加侖款另售）,tmd8857.com.tw,https://tmd8857.com.tw/product/tmd-%E8%BB%8A%E7%94%A8%E6%B8%85%E6%BD%94945ml%E5%99%B4%E7%93%B6%E6%AC%BE-%E6%9E%9C%E9%A6%99%E6%B4%97%E8%BB%8A%E7%B2%BE-%E9%8B%81%E5%9C%88%E6%B8%85%E6%B4%97-%E6%9F%8F%E6%B2%B9%E5%8E%BB%E9%99%A4/,中
APGO,光世代科技,鐵粉去除劑,鐵粉去除劑,中性・紫紅反應,300ml,200,0.67,現售價（標示定價880）,apgo.com.tw,https://apgo.com.tw/store/xcxbs/33.html,中
APGO,光世代科技,鍍膜專用洗車精,洗車精(鍍膜車),台灣製造,300ml,待查,待查,售價未取得,apgo.tw,https://apgo.tw/products/apgo-car-shampoo,—
ichi 一吉,一吉汽車百貨（晴雨窗起家）,高濃縮鍍膜洗車精,洗車精(鍍膜型),洗鍍一次完成,500ml,299,0.60,官網售價（標示原價1250）,ichi-autopart.com.tw,https://www.ichi-autopart.com.tw/products/7d3a0cf5-a201-409c-ad27-21b5d3705313,中
GAMA,台灣隔熱紙品牌延伸汽美產品（與ONLY合作）,增豔清潔蠟,清潔蠟,,470ml,400,0.85,影片標題標示價,YouTube,https://www.youtube.com/watch?v=_ziwVtxpFOw,低
GAMA,台灣隔熱紙品牌延伸汽美產品,增豔清潔蠟,清潔蠟,,1加侖(3.78L),1900,0.50,影片標題標示價,YouTube,https://www.youtube.com/watch?v=_ziwVtxpFOw,低
ONLY 鍍膜,台灣鍍膜品牌（ONLY x GAMA）,玻璃鍍膜,玻璃鍍膜,,未標示,約1750,無法換算（容量未標示）,比價網售價,飛比價格,https://feebee.com.tw/s/%E7%8E%BB%E7%92%83%E9%8D%8D%E8%86%9Conly/,低
